snippet	sa_first_post	ca_first_see	latency_s
Two tiny things to think about	2026-04-15T18:11:04.900Z	2026-04-15T18:12:09.651Z	65
Reviewed PR #50. LGTM	2026-04-15T18:16:52.821Z	2026-04-15T18:17:48.837Z	56
Reviewed PR #54. LGTM	2026-04-15T19:42:30.369Z	2026-04-15T19:43:16.333Z	46
Reviewed PR #56. LGTM	2026-04-15T19:56:10.722Z	2026-04-15T19:56:57.770Z	47
Plan LGTM. bash script	2026-04-15T19:46:06.471Z	2026-04-15T19:47:15.987Z	69
PR #51 has a merge conflict	2026-04-15T18:35:11.647Z	2026-04-15T18:36:29.029Z	78
Verification found a bug	2026-04-15T19:46:24.829Z	2026-04-15T19:47:41.321Z	77
Bundle into #55	2026-04-15T19:49:11.606Z	2026-04-15T19:50:06.842Z	55
Plan LGTM. Two tiny	2026-04-15T18:11:04.900Z	2026-04-15T18:12:09.651Z	65
Ship-in-package is the right call	2026-04-15T19:20:10.725Z	2026-04-15T19:21:16.965Z	66
LGTM on code review	2026-04-16T20:59:21.166Z	2026-04-16T21:00:14.759Z	53
LGTM. Wires the already-implemented	2026-04-16T21:08:51.257Z	2026-04-16T21:09:40.572Z	49
LGTM. Pure	2026-04-16T21:13:36.057Z	2026-04-16T21:14:27.246Z	51
